Vibration frequncy (Hz),Temparature (C),Label
32.679287777608664,61.88386067418135,0
25.254631962131803,49.285966889820266,0
38.60841305065933,53.70797773348672,0
43.40628465592329,55.8432542700232,0
41.38730975576152,47.298573457163684,0
60.04082367437535,47.821608315848366,0
36.59242884852486,57.27190407000501,0
33.119413161331465,47.859403078712276,0
29.99136003438344,46.40992658281757,0
41.24586412552731,42.415309270165594,0
36.956155674019385,55.406317023485656,0
28.802730349692908,52.001524833203995,0
46.135024942767046,57.54222266040166,0
19.026187695738052,53.05608131833327,0
37.39959120579387,41.3116586638844,0
37.22152401687272,43.90093538405338,0
56.91785017479003,49.05881901162504,0
28.94544094137011,42.920521030647656,0
32.842295093006015,51.95102095431587,0
37.241788018636825,57.949454985662456,0
31.822493993387575,55.90234579247752,0
41.49110544571842,53.39222686184806,0
30.161836057154584,54.703901052104484,0
55.51507837514199,50.44760644728355,0
37.53410138619574,53.37400941880179,0
35.70419912636829,46.18435860374672,0
33.70717984066614,57.39403775024769,0
26.42641316170447,44.737999091570686,0
10.677516210777199,39.53097865902926,0
25.776618414254063,49.1936575037879,0
38.68917289936507,47.72930837032383,0
24.14508970210441,45.054516744658166,0
26.22488193161269,42.198313015776655,0
64.05239718058367,54.10155225654369,0
67.51711575436295,55.511163431441815,1
24.37909587260635,40.391955228294535,0
27.860398715830243,42.730373821773625,0
30.790946111777497,53.80594388333653,0
31.67983438612307,46.517004114071185,0
39.08787996301977,53.37899153160468,0
36.66929392246446,43.00902152838846,0
40.63034224087607,54.05661397895986,0
43.44989438058192,48.839105962717696,0
33.01448561328509,51.71618096288561,0
26.859410234495506,43.61103055094705,0
50.37354997869729,45.94526863928775,0
31.000392225260384,44.54344083832232,0
40.85069832261436,47.36784900117802,0
37.10801889719414,44.1443495347896,0
16.097997568111776,51.61913182595029,0
48.60460403726195,53.687616014854086,0
59.37782449458366,57.742497478262024,1
53.646274137752854,46.91176793314688,0
25.182171961860885,54.05622488173048,0
45.3496868992805,58.003838523964006,0
32.08487286783294,56.174491384164384,0
30.71419376037296,54.345945768828415,0
19.005358725767866,43.36854817839494,0
50.65919023974309,50.92650196771046,0
31.53221993820198,45.34444343885563,0
38.874784840260666,53.682703908142344,0
46.398035099901634,55.95668031851657,0
43.8914318919455,52.35797815343722,0
30.110610334409845,49.166428169307416,0
62.945680929129985,36.6410162372796,1
44.75782856414787,50.40249034213944,0
14.73272824767492,37.37342881931475,0
35.346178867002195,43.23849001883204,0
29.794177153684625,42.06790415383925,0
51.345813041022645,62.527641930422355,0
33.47940169573396,55.92277922630142,0
40.3307151895567,57.60801146116305,0
7.539481902520571,52.325139403479305,0
44.82067627004575,53.50246088084772,0
33.46501474144534,53.534075197262545,0
56.09255221504472,49.89520371662404,0
35.59457367341436,43.58645086104104,0
46.2588185322344,47.62328008409064,0
20.175439906821634,51.70121886799921,0
55.312335345931785,59.00513394324186,0
42.78942403720924,43.72399753825886,0
42.7687984674099,45.41762370018201,0
55.79185069358866,59.151368970146464,0
43.716955947645076,47.80972447316748,0
27.794008636673556,53.20393113905972,0
47.29620593090423,57.897139769192826,0
41.47315503532276,48.28686469990272,0
51.43281481804935,56.95244068021426,0
26.24483335765983,53.479437354115845,0
35.10922913368872,54.667185056416926,0
28.686087086193666,57.513707888651055,0
76.09362216166988,59.5148782093612,1
21.407021525408833,51.26131965115793,0
33.36355453153539,51.365590280515384,0
11.90689687213547,34.75091122088469,0
74.86488769812203,50.171419962200645,1
34.23682919415569,57.744176758518265,0
17.986004723721003,41.787876061350296,0
49.92713847536938,52.78466808684409,0
32.863147999858306,43.84366008386453,0
13.767450979540257,39.05207061155167,0
42.61782047242932,47.09020581720305,0
41.15457227283672,57.9259835448678,0
42.30875807532398,47.25405563715647,0
30.929439714693245,40.97342262521482,0
26.572027586900344,54.51184243675972,0
37.6893175951525,44.166667008522126,0
30.577723270371678,50.61252136532204,0
44.9556730380768,51.75454370187421,0
45.08055229103911,48.842334068298314,0
46.12810717209539,46.6834669056068,0
30.925069040935227,42.10036727415109,0
45.041797029585744,53.64376306287386,0
57.22753044934818,58.50313336426917,0
42.54991205501393,44.34423077184236,0
51.681209529331056,58.67415915274133,0
44.72897851348645,54.98856909069733,0
39.65190158085538,55.5104291293016,0
35.06010600478079,54.19579649417553,0
15.278912595212645,42.428642513329976,0
41.02693062676676,50.1564921911546,0
29.994544673696208,50.88269461205953,0
46.2336833041583,51.222417895832415,0
44.63594400577515,54.52332373359387,0
42.23771403889213,49.017476776506875,0
42.90656845993454,47.59161860373752,0
49.99911782311837,48.36705221425051,0
17.158751648131243,39.86031997281138,0
28.509102856529488,53.21722085182575,0
22.258888039184693,38.114975561334745,0
44.29802767288764,46.659798249662224,0
44.14638278715539,46.37262348013915,0
24.337779999015893,43.2023132920274,0
35.56182776165358,51.63855673986294,0
44.49477650054242,57.236155212318096,0
32.13865011303311,55.29061257104259,0
37.754383800981884,44.897879495243714,0
33.72888144863365,49.601723376899315,0
40.118205032581464,57.79937423196206,0
33.9475136491251,48.51049823625382,0
20.283303860238195,43.373446401897525,0
58.36088396887574,60.15901487537171,0
47.174217381399295,55.73883372729927,0
34.86991947813416,58.02443264021703,0
38.87057807440586,44.85486761299961,0
53.069774204476104,51.09282233449208,0
42.1180131579004,48.54486324769584,0
42.66529406522149,48.241373664194214,0
26.74213145916441,55.04800416407225,0
18.523097033956915,43.497921134809765,0
33.93788541111262,41.289879510549014,0
40.94606427970364,43.45209801880691,0
44.59175327859202,53.698325474173686,0
36.23587127444243,60.63750448468461,0
27.80030023614054,54.40686195466784,0
13.280796486753623,43.501820774548065,0
43.93056487682001,49.39844820420197,0
35.55645328090554,52.005845555074444,0
42.073776232014396,43.874477029836974,0
39.060977813864874,46.6635860647452,0
39.56071178253855,45.831973848005944,0
15.420426495045465,37.60148568927616,0
31.156269112574243,45.06160005965003,0
29.5135717768047,52.89638820387077,0
28.06246742431384,51.86850370534371,0
70.26276787212387,45.48976039272925,1
24.15978268229787,40.04260238162345,0
38.381160150106496,55.00125252664011,0
36.22450443926804,54.85551687664302,0
33.39455834402609,52.72190938004526,0
31.255263440612744,42.710518857219576,0
50.75243900150953,51.389151370095,0
42.73373581384737,56.84368491185814,0
48.0061648075914,54.70216943546078,0
44.68961157422289,54.95611085803027,0
39.703643120674926,43.356012755715106,0
24.13581204922249,55.47459828602179,0
43.49265294475623,55.16297352666554,0
26.20178387301293,42.334127893828345,0
43.795228998861106,45.738420483978814,0
33.200741586376054,53.224610617195175,0
23.351125185762406,42.659967567313416,0
28.31144966165056,43.639908677150046,0
26.76347946351774,50.19724416137394,0
24.813935687629485,53.81264562958781,0
52.91317210568723,50.77267783092947,0
31.62480360144897,42.36936767562498,0
22.238641683586426,43.80364699598655,0
40.3608729574073,43.53283332601782,0
22.3304767463594,55.902563860634984,0
44.09768335330198,44.470451626037125,0
30.068061466322437,50.506664306280676,0
42.236796626655675,58.80728905649123,0
29.326694661372414,43.091873436105956,0
31.392489340781736,54.10077426924713,0
15.245624492597521,51.70453057279728,0
28.565784019487396,44.708425148114635,0
37.64558594791636,45.56340155101723,0
30.234585305946254,46.00062714850789,0
34.75568567895622,53.17210016170557,0
16.11151572235501,35.25117778554959,0
46.319085005791436,45.138518342495026,0
15.256852533396145,51.70333142529576,0
37.393595913027056,47.24315321091968,0
37.57409177694822,45.403554894219354,0
40.210563448094746,54.9494935567853,0
55.34019205189152,50.72806584665627,0
27.651366576641532,40.83236735773413,0
40.26329534293783,46.79333671096655,0
9.699193416999911,53.705200012126745,0
22.249857722304608,44.75233468018399,0
23.720873212880672,39.78423477658058,0
31.482667221461423,45.46141841826051,0
41.6629276742938,57.216720385726916,0
55.288833855572165,51.32959829222132,0
35.76954340456487,48.86966676209473,0
25.01902966696909,51.67411478563134,0
18.795170224752002,50.62666592007519,0
41.47979812043912,50.32846509916826,0
30.5957088937665,52.33620760885558,0
18.972465810744428,50.18866395069966,0
25.469124420175593,40.795022855396454,0
48.27470623540387,51.12858086778881,0
40.58301435639872,42.05696107838963,0
30.819598326619968,53.35740322965576,0
36.365588021929916,58.24172961898986,0
30.92066389445418,42.53750692515314,0
28.07203459881268,43.02096636806479,0
16.897416390993246,54.900600762187054,0
47.23105442726097,56.38753060934163,0
25.34046773354996,52.97932577120161,0
40.79654657611368,45.385427938112635,0
33.27825967571868,54.84494277252507,0
38.98073160222224,45.33273212590685,0
37.853959585833636,55.00455763445642,0
33.873528109123704,55.00796093155198,0
30.72269099799357,48.53194944648993,0
27.72889388178498,43.997791843842165,0
49.05380118849587,59.78577782136482,0
37.08482630969745,49.39553296079645,0
44.43832102241534,42.53699363131177,0
52.363638983305364,54.86653182244961,0
22.39383976141028,56.92544841326627,0
31.09272063999549,53.330945847330334,0
45.98015353928671,51.4418892095681,0
36.60061394302292,47.373177149439776,0
55.951590452278154,50.88817201013758,0
49.68515670514522,48.93202087587491,0
43.7803484825903,45.25209196291169,0
39.76158669063786,46.85705724656203,0
39.12427203292597,60.054804784537694,0
36.69288961723397,56.82623570092785,0
37.562892682398974,47.517217992966565,0
60.94889151594191,46.24333692374979,0
45.03203173625129,46.953307582472064,0
34.08052392974369,44.79300991119554,0
19.40415936587835,54.49479573437905,0
25.01925130515112,41.813926968581285,0
38.650125348532264,44.87846473732131,0
37.10182873945443,47.282346227564645,0
46.95188371712232,55.30518654076018,0
12.941592604789577,43.21290727189112,0
20.67818784575439,44.78817359006763,0
38.27433175552392,46.191530453779414,0
31.626033074327587,42.798978413271016,0
34.81360606255484,59.24699012118154,0
33.615558514110774,47.72919517610757,0
41.41599764627624,52.69042440359982,0
97.21773257520566,52.91756273764435,1
59.253590430886504,46.347299211977415,0
32.376488662129816,55.73875215720618,0
37.599533344635745,45.65091643110479,0
33.52229838724715,54.758817446967946,0
38.77863959432032,53.9109201780561,0
47.358437597688116,50.18661817414886,0
79.8240887951803,47.13121108199546,1
60.16711504938143,56.5643872307885,0
49.66337744882893,47.68048530579528,0
48.69460752705109,45.949076428937715,0
16.654121126154926,50.489309595562524,0
69.05570114200353,38.89729858417811,1
43.672860670032186,54.2605033854864,0
33.930291132706316,54.14630138002421,0
38.84647035030204,46.83704427314062,0
64.2490093614604,51.81236101588083,0
45.621005209661824,46.8229488379498,0
48.39758552786873,58.176871330053274,0
29.154838101768352,47.69727945560476,0
39.78616599900263,44.46890212701434,0
21.46930290263752,41.04987791918282,0
35.8204255114903,59.40065172578562,0
32.78498437104781,46.55273635544438,0
23.103623444407173,56.06379900166529,0
42.55057297472175,42.76342735077324,0
26.338399021102724,44.981338975569564,0
32.02123320602281,59.94956117327595,0
63.38160431121376,51.462530939156814,0
30.42932331111115,39.512929628642524,0
38.10466252976218,46.8633626857922,0
33.25425590452508,57.22239211360191,0
45.08549753477526,51.65623423799162,0
33.81279706486428,54.766620009948944,0
27.66296109112204,49.01297032328079,0
28.716685530249453,43.09538507927284,0
25.345184356365632,41.187767806738094,0
30.690947251207398,43.936815480389015,0
45.10250227391235,58.83066366230778,0
44.2749447754119,45.391584450984936,0
46.62958988469403,50.11429135767987,0
44.482143674921126,56.98865423926029,0
31.910590556054117,46.4038363850443,0
21.021566298640682,38.7291689414717,0
37.9911070672385,45.02870011065564,0
30.07490360919415,51.162209821186565,0
79.95460115350647,48.87204915289361,1
41.14070828171681,56.5218359791425,0
46.817205278861124,54.62795606532186,1
36.31094376144384,52.99790967969492,0
40.90381079516486,58.783988996785595,0
43.45917317239656,53.60931577598769,0
27.62085719258164,46.79824923544085,0
25.072004931730103,42.219381264713164,0
15.16458354717571,36.42781283698481,0
20.21760654740352,48.615237673437996,0
32.91606270063967,54.88494487366112,0
28.930298136433798,41.236441180856694,0
39.754429758890794,55.10241571013825,0
53.1680021795491,60.151259325795294,0
41.87925851602064,55.13809026109204,0
63.629719367389455,52.489135288019945,0
27.411857237527848,48.9118379244442,0
37.80403148237245,54.54904433852094,0
38.4535656415399,54.049398190018735,0
22.319379994621528,55.26404188580776,0
43.24565069548497,54.96825759564168,0
53.19188352845275,48.849318590082305,0
57.21980449628604,54.768186457053815,0
49.14476010318915,49.89409768423574,0
22.327212496369736,44.403745664032705,0
39.6874088730125,58.570794247942466,0
46.095326018720016,54.958640715922805,1
38.06123391456323,46.34354821126633,0
47.66637124776927,58.08916865349377,0
32.23427902361891,41.98659607152326,0
36.17526537971493,58.591107213533505,0
23.94894158109172,41.892064383597166,0
13.28958697697724,47.434630877578975,0
34.08004112027273,44.85868116563702,0
27.31355160243191,53.89857356219857,0
28.55248523354867,53.10990132015706,0
38.11658824193063,46.872206315184506,0
40.000056170384454,47.3012880976917,0
30.16415432774375,44.954334920320626,0
33.00679819439157,54.93465635536672,0
28.13594460207486,49.11990810779662,0
24.95838884890331,52.10928642010503,0
35.07794914200713,55.71912852384749,0
33.82070959181868,51.131306159349826,0
49.90589414941703,48.157466509601214,0
54.25042578577936,56.50284676846944,0
29.200991624732108,41.9813582232236,0
38.06430667213876,60.63100467366546,0
20.552111358921202,40.788725695106876,0
49.727575142507334,49.64213122140031,0
27.2426175322077,44.34060884857448,0
27.028855796215225,53.60961019461687,0
62.20349615627181,47.35298158265496,1
28.989976832039723,41.40895044950562,0
7.637138286391938,37.84645864582052,0
31.812925195564226,53.71991582613641,0
24.033683916694667,42.95153904712918,0
26.822347257302187,47.84336719787357,0
53.1865459294045,44.79424425738818,0
40.73406144283126,45.33958483517806,0
43.85099240762896,57.79412103887519,0
21.70787663310415,52.73761725469045,0
51.45694225500336,45.30914244754478,0
36.129295641186616,48.17664380644314,0
34.0788526371539,43.75259055071121,0
23.19909472742679,36.016906219419816,0
39.73140498692765,55.893901038874006,0
32.55717566353026,47.755075456781164,0
59.63739784215041,49.23237292113791,0
37.624375530034406,61.78698029900795,0
52.63795378400528,46.44013961336083,0
25.79018892142874,53.24800671351568,0
31.784444017297346,52.9761193060559,0
38.12579865700546,46.58428559120901,0
38.46781460042271,45.1462168737309,0
43.60577174163163,46.56632024970509,0
47.842503690768496,45.76185049818945,0
26.47741048859137,51.37733703085294,0
15.535639977006586,43.013891842964235,0
34.78770216394226,46.797772710911275,0
29.020418387895692,52.811480580092635,0
21.168446584430516,59.075636861439364,0
30.55458629260031,41.55527823867754,0
37.270839715274555,54.847600356469826,0
46.57935836200766,53.42260452428887,0
37.0823169891474,46.11316322256087,0
44.14903884347705,56.06090087650199,0
56.317328487228316,51.70003276224964,0
47.714861992032155,59.81619374495931,0
30.77999020708381,45.84460042906909,0
31.860164855166623,45.69950065261232,0
39.0258879434262,46.30621333721884,0
67.6117201406415,57.33985021210046,1
42.07565372356757,55.60953744556104,0
39.46932657562519,48.30963301895381,0
29.69963571549047,51.21046895672168,0
28.914834876291973,53.83708010470067,0
24.705237472407227,55.14191787106299,0
28.092769112084557,50.405030800950264,0
32.170812840451234,42.86677683416106,0
43.03844699081182,55.99624965210707,0
65.13970193039536,56.56405596688249,0
35.81366730881403,54.64077186839315,0
25.41313429820543,49.90041477859309,0
44.403901017272645,44.19526723848236,0
21.907721272959126,41.257748599089496,0
20.842762655588746,55.29793614725399,0
48.92172133193688,54.262456748165576,0
17.771652647122885,40.145882632263636,0
44.42126694815216,54.11787553995766,0
62.47796639599559,56.50606269629294,1
43.62322534289259,57.37115437047551,0
47.02531808948999,58.75206608211603,0
43.094449514910046,58.06207895844005,0
33.85575240236018,52.190730136831895,0
55.46077506295536,49.124013567065006,0
30.92047497182073,54.80004117370469,0
47.80110179704399,46.675666660410016,0
34.78730362726115,54.62849481264571,0
46.94580375060027,48.00396664000222,0
92.58196462360158,49.19597925143149,1
18.493868541379694,40.593250331122604,0
12.173933588282722,40.899873523189356,0
27.331340098900444,36.7236961888603,0
57.27610246349845,60.36538786044436,0
31.50822233905606,54.8088378864602,0
50.487394355407545,49.25831229258356,0
32.362062148915264,39.08323804747571,0
18.1401603744461,39.975806579734034,0
40.86631827996965,54.20747073703967,0
23.43811351457216,40.45444177440389,0
33.31175786943061,54.21327366382894,0
36.411242196855554,57.484448558245866,0
23.223160284685832,51.74307165815542,0
33.733842531757276,46.67387938721906,0
41.349584861773934,48.37048533645545,0
14.170995744743536,41.42721019324938,0
41.455920269069786,47.4909472012418,0
60.85055431014336,52.71609684761703,0
34.2470782608663,54.49167601759375,0
18.03714517034639,39.164174385349035,0
48.576459246045665,61.715971188045195,0
34.28157638160383,46.757640812180504,0
28.715745067063754,51.58836311239882,0
48.21320248564617,58.99870699810324,0
41.75349798910259,56.004324724781576,0
51.09932699453667,56.20978163942062,0
38.86647973495538,45.8688643893808,0
79.28932690636152,57.113640159681474,1
46.12508462331852,45.30969755459454,0
28.140802163734598,43.99027424841246,0
10.96478723447757,54.044780554372025,0
49.85514784324629,59.5942501179806,0
41.31902333042512,43.21484357602603,0
38.99956775105582,54.977270263493864,0
34.55451141876232,54.985136352981435,0
31.809891209228326,44.96679883318023,0
45.39434268497769,47.92684394715045,0
33.520190654337206,53.467532485068205,0
32.67886755500011,52.22501898492391,0
5.8617323311567375,49.14374214248235,0
67.87624258204899,53.43556603698476,0
34.309304929507014,55.60226158220342,0
59.41520581266293,54.95273610479008,0
32.30363392724526,41.38090967250124,0
26.82241633854413,43.31226482835105,0
36.512584474921994,44.66801308101013,0
36.104674406981864,42.1757386727268,0
33.14655184688052,38.99241471977853,0
19.556576097020244,40.82078407397603,0
39.50771718845935,44.58033526154654,0
24.134255369176113,45.587130312181074,0
26.33117033043199,56.47951397239107,0
34.718801453816084,43.49212041477482,0
38.993810821623455,50.13368538041408,0
25.983658748538012,46.79040894874502,0
41.191659711960455,44.127126800251766,0
50.73115263116213,57.41854018443456,0
69.3577318040667,44.000227259057894,1
21.611309015142936,43.90930556141093,0
35.34876310443437,41.83314535787417,0
42.15343592102944,53.77571826804464,0
23.056394788464488,52.23218805926756,0
37.426555729709534,52.7749186280596,0
31.85181773614504,48.20065942359423,0
39.62887659916468,48.053837697563274,0
26.81885962506997,45.83580575812047,0
50.199006418407514,59.138471137838735,0
75.67652310081644,45.89898551468883,1
5.863674334862928,39.95278888522576,0
46.46547244986778,60.20646472632885,0
32.85582984035808,55.05101803107332,0
35.74059331122872,54.774523132790094,0
47.16404480792566,59.692151656378314,0
24.623858566833754,53.66730286297545,0
34.90680465608549,51.28236463064868,0
32.225233898166714,43.328041370172734,0
39.92283463597721,54.94426536532445,0
30.27198963797994,40.192016686062146,0
58.11966406288077,60.84296286044743,0
48.18609965064035,53.87695047763296,0
28.960175801376913,45.85265514593014,1
45.84102550494325,44.95935222920246,0
19.46832441428035,42.03279403083286,0
31.03387512921342,46.293603404627184,0
40.966261326621066,56.582081425738664,0
45.12176973997617,59.83406290199012,0
49.90447825007861,46.85110697739819,0
39.02314005698615,54.22826147620187,0
45.288565349510414,47.71091536872196,0
23.203068985105634,43.87825071471235,0
42.19675825792708,56.8165862022041,0
28.427565794845265,39.88541326619499,0
31.26792372163132,48.22179802493274,0
23.578335177223362,56.09617795861126,0
69.74634201461389,60.26799490118222,0
27.80670307941033,56.91420710422456,0
41.915977442122944,48.496747215709995,0
15.678837567160016,35.65421101649231,0
49.954799953712424,57.86917566140296,0
35.19694370379478,55.919594080419756,0
11.331854143693619,55.7064960637538,0
31.623441482672263,56.66919708600169,0
28.093571451781806,56.37640237617626,0
38.90470524965657,41.84708385958366,0
32.361565897902636,49.87907748644661,0
37.49755659189702,55.76448133119975,0
37.24097308836745,55.62921055523573,0
50.815011845705776,58.88676128020228,0
64.40005815323606,41.44432518907189,1
39.99012496308109,58.05565039769522,0
15.394268334044842,42.628239833317814,0
50.68401192562023,44.269436227089365,0
17.70253841574605,56.23414381067269,0
53.99854414462694,60.17670307232983,1
28.652781259333413,40.07175575023757,0
34.94074661934175,57.50151446042015,0
44.81958724314816,47.40834027644442,0
36.50188878021716,44.65174164262781,0
32.885761662167674,46.335461831597414,0
38.29792973594285,45.36814290837502,0
38.98038886869276,59.344537382147095,0
33.74515844300555,62.393774748323395,0
40.129866021912676,46.89956918957895,0
12.184714589041427,36.69474912152686,0
31.52946362366064,55.50225684344642,0
53.946739490979034,47.55219588721561,0
39.997472613036216,54.8783445133067,0
55.299615825622936,50.71838438907146,0
49.71121912579807,48.37410596932577,0
31.212184215856382,52.32038338759799,0
72.81084427710601,47.30115707244867,1
55.203276586110135,49.497031225964484,0
52.03788825980053,53.161682230783285,0
49.69366621077992,58.550506645878656,0
53.11927194120983,62.90794879856278,0
25.659875579479788,43.565085761171225,0
22.09490628987546,51.31890778334804,0
21.76212528352332,50.425049618120354,0
31.54271927248442,50.81918002265206,0
32.02002060474837,46.56934315981128,0
81.96480403920391,51.52471885869085,1
20.910788723907398,47.93184089165636,0
39.29133047619783,54.20045373339241,0
36.39877558952385,57.39430169359703,0
18.343082766792282,52.77774844584673,0
38.62174510846054,42.88964645337504,0
44.892097202664296,55.41387698304959,0
57.90053312990436,50.848992290877604,0
23.78858327940881,40.2625466618897,0
39.72058569043003,41.284983181674946,0
43.256184069768146,54.14431034133971,0
26.818378083733055,41.776411359319226,0
39.23963862302238,44.63312892536674,0
26.553408638277052,45.53455335855235,0
40.99553414912787,56.2654834182328,0
28.664414475466472,53.14129000687801,0
31.060425016699586,52.63926411074153,0
64.42586923990268,49.67828083712892,0
51.88466236275525,55.87769790337482,0
32.22247216468988,53.943160159507734,0
26.070663244379382,55.8337308483123,0
23.081432473150336,53.787544306242374,0
38.320992030873796,55.89386218451864,0
38.56745266684654,47.151737303661186,0
40.631840838132554,56.44164043278832,0
32.23411590383455,57.83787953335715,0
47.474661527459126,58.03172323552728,0
60.01260561166428,44.62479807892295,1
45.53399687278315,56.21293380536848,0
61.79752666152102,51.71713650784049,0
36.375301349301,40.120419554766315,0
34.079187224433866,56.30362685087201,0
74.79524200375528,56.27422967645269,1
37.99805293017906,42.4910798436671,0
25.117634867169578,44.61208833410423,0
29.592845134762552,48.64912171836678,0
21.545087493813917,54.107721977787875,0
52.909376192505235,49.21613875707648,0
26.78277750417171,55.630520679476106,0
26.18577602090162,41.158513094933525,0
38.45313412703551,41.93551185573395,0
22.456214023232373,41.97591718352788,0
39.99394191431906,55.417909488212686,0
24.445815792924353,39.33964041674162,0
29.75040206385091,45.34355594471925,0
40.36305153437189,52.8278926905459,0
46.87455429624227,49.20780738057812,0
33.17888881677641,42.286334176305544,0
100.0,46.880039666378885,1
38.26786571684771,54.982000187068735,0
46.850375468176836,43.58486545549622,0
76.68467107098718,42.229122262274075,1
47.51460770514922,51.56255182961971,0
41.48890420954881,53.53190498315677,0
9.58429568542968,46.1259749212049,0
43.8174169277635,60.17614267065049,0
67.15561655179812,51.43965642742116,0
31.246953963479054,44.8417403865832,0
41.1919172341215,54.87011814717998,0
26.75558838587239,46.64867234692888,0
49.76652359772162,58.105684279957366,1
16.790222304711023,55.4946910433137,0
34.26997608750605,45.00193166222548,0
27.46658303733761,48.21463501482274,0
39.82647679161442,53.72044976626921,0
41.90520856984588,42.146277917844955,0
13.27933129655522,42.81235147096294,0
37.915242006244945,47.83047331340004,0
59.30468173014839,53.55916000576222,0
43.67034354599417,58.66953844820829,0
35.09753273530985,54.93947997213628,0
45.221353855957176,56.017621381546114,0
19.050558375733623,40.95434508657529,0
28.51644680122914,52.623652582733854,0
31.691211322625396,44.065269333387725,0
43.00835858512218,45.42279912715385,0
38.421710469125145,47.71678871751928,0
26.75648017101453,53.067469805808955,0
41.482198183571896,47.56023671672445,0
29.546694179731688,49.021341236871216,0
39.209206329145815,55.59095888037178,0
34.190417515595406,53.030964062099756,0
38.61732652454928,42.479524916176636,0
42.00557953273499,43.646528368981045,0
26.039820007230706,52.69392689771724,0
48.4372204405944,60.04761543322222,0
47.499476881748286,48.379208201772144,0
43.056042619577894,47.29898740649679,0
37.069771109892514,44.26564068705051,0
45.49878386466339,53.93066598991829,0
26.55180001660407,41.6473691645292,0
23.98629791410684,52.3393842565421,0
28.83491266741167,51.99659647591463,0
30.47048239120885,52.66328945761202,0
41.9256678536209,47.583924994123024,0
24.739176534935368,45.67453848936785,0
18.729827614832473,38.44821960095881,0
28.303307170233,42.45304257250032,0
31.28996947612154,53.850025215714595,0
30.59477986025217,50.34175987204923,0
39.58711988063913,45.14159819747198,0
36.88627250609332,43.73914913964146,0
41.640394000441326,49.607977490063625,0
46.484879031083864,47.76311295203797,0
20.38729364391678,53.94504839372518,0
29.41065440407106,51.81668922995429,0
38.97742950147534,50.52808605732542,0
30.286440475080276,57.037736282371476,0
50.18284763152818,54.361176712784484,0
51.895671949876544,49.93787215375618,0
32.796190189888065,54.66989459554286,0
35.61427025590487,56.594441600698275,0
48.33849162496178,47.574917413456745,0
43.07361965922948,47.926326241122354,0
32.56383911493318,54.773084081481585,0
18.337867115206908,52.78644583811536,0
25.25186607277639,53.592279563772884,0
39.42272851379178,53.91529988032758,0
27.283762021829208,41.066868034868236,0
50.93255800931086,49.773767507432694,0
38.950702501507145,49.33682102233266,0
33.376435013286326,49.87530039500042,0
47.72263440244702,47.032352302285595,0
41.156202492330124,54.785247313602056,0
20.67197012894153,50.72143346683054,0
61.270131300485545,51.67989767725529,0
33.64306255058636,52.265566814663494,0
39.06934510474743,51.92398819557654,0
55.23664532893606,50.5663625285724,0
48.04540065001525,43.49270173704406,0
29.048901270713646,42.39115686134003,0
38.32803003590205,53.84900603982681,0
32.31354305856803,53.47842618298353,0
30.906752170955908,44.261993820524545,0
50.095119931210526,58.93516348560334,0
32.450028274322534,49.03536671341078,0
32.86433229814692,55.37556324784006,0
41.12388526702874,56.123265123553665,0
36.50992761169378,53.25452911557704,0
28.8141961236009,55.79263366898585,0
39.988246599679265,45.34298400168002,0
42.43387745303291,50.801686549947235,0
38.37807179014105,56.102269498282105,0
8.500987737031991,53.682538656352726,0
59.45867780136834,57.62514966788004,1
37.20664544401746,53.262779593904945,0
18.990333299652068,41.666602016720574,0
34.08960725374155,45.40921807294248,0
43.59740945129161,46.0003937640766,0
22.482811096878333,50.729502078807464,0
43.59310675545379,53.154808870298766,0
24.61286162602011,53.497274043038566,0
29.98083514095083,47.72672364692774,0
38.99673484576785,55.137320130025415,0
39.102207101181136,59.02536269426065,0
18.724325887860463,40.27141454239634,0
0.0,34.00785200529011,0
20.2779852235009,52.42717405155064,0
41.60964712747971,53.825078918143646,0
33.11812615367516,48.15212731983651,0
42.329819823476626,57.024505445380576,0
35.006031050328744,57.04752501264534,0
84.05489328213272,46.98360707700416,1
12.767926829369529,39.07712168049883,0
44.317738887203774,46.615567242753876,0
70.74459952560181,55.0544336276931,1
32.45123884613718,57.76357930906529,0
38.703379857890965,57.42834419481387,0
19.76756491686084,53.12170956471532,0
60.932536108916,35.741609798811155,1
55.509401080879165,61.52275197027082,0
23.803649778482566,53.93910615882318,0
35.416835891624366,57.66706355123035,0
36.26544267519153,44.63653364396598,0
23.191264900493465,57.70500987480452,0
20.1264582462069,54.61079092897999,0
35.36793608486451,48.47796128835215,0
35.92626999477225,49.30076869347897,0
36.373488710128385,57.46768167960835,0
45.72827420899527,57.13526021685803,0
40.76381090536845,53.73391441372896,0
36.07769874032097,55.25179510435824,0
35.661930435654554,57.251157634227255,0
34.908853854908145,55.06605578738763,0
20.088090807949126,43.25859846241045,0
32.33137710759727,55.52249532098359,0
28.009795691260937,54.53692929489924,0
20.88259886357547,45.9649640605038,0
41.248934717752334,56.76379556437158,0
31.072874928600058,45.38149426079052,0
26.235074237347106,54.268463807580524,0
32.54614149273408,56.566319579846414,0
78.75369390128978,50.53779864108039,1
35.57055731755012,46.233091985219616,0
31.29870574101533,53.13086785993361,0
22.083656144353487,57.81133736246302,0
49.648482464405326,55.774514457711525,0
38.521842640717644,53.98910391214716,0
35.54781848347529,56.18930123386267,0
51.26602070112648,45.225057218850715,0
35.84518565873134,41.32401223268299,0
38.36973559531218,58.32304935861868,0
26.238815537550675,45.24024009699657,0
51.33561983225857,48.374961626854414,0
39.472260818304626,55.40206289945297,0
28.510011368518054,41.542353398717985,0
39.438434371839556,42.65457037522412,0
34.382432213664586,49.88799681975443,0
24.763488218367392,42.6546935712841,0
17.797889649929267,41.50414247366659,0
22.536416558011588,44.70534230782612,0
34.748542692453675,53.679995711298794,0
50.13813875731695,56.666782070628855,0
34.54979147935483,40.77826516248423,0
28.74070886092538,47.23859828804261,0
22.015699907767683,51.307744030445335,0
47.86304395496107,55.82483267805621,0
33.533059207902625,55.25332305216764,0
30.509445459457826,53.369851445718346,0
45.64433821083959,57.03403468205097,0
34.686804823287304,53.30058008232227,0
52.720766860360314,60.03091229359251,0
41.12970892573823,53.969167090739084,0
30.177806819080704,40.349099549266555,0
29.377189388282954,44.17129626752977,0
66.15458279294472,42.91616308265398,1
27.104265677302937,55.169025679516864,0
64.08040042653411,54.06712210047978,1
41.06361948732969,48.65126595353776,0
21.9753018699429,51.17298577781449,0
42.57068265028495,46.264370158546285,0
19.67938324338434,54.08651516620402,0
38.96745398337365,56.338885290411234,0
36.11390576143925,59.796354355507404,0
44.82409597982721,56.94687659595405,0
25.274841256663972,46.389327103335084,0
12.762852773544012,51.82595159086899,0
27.98495191643843,56.253103709667684,0
21.88354008868117,42.47172239949569,0
36.24552628058774,42.88066419541058,0
52.12614502615527,54.12027913230298,0
41.16263784585201,45.57697596759127,0
40.27024441970588,58.85124645769266,0
38.212202000657406,47.25799836655171,0
22.043502516801066,44.21207230311016,0
34.30700316997927,54.33858718050503,0
39.351794130650106,57.17850252908371,0
54.931035662787274,49.72697262982145,0
17.61698251586053,43.07986926919921,0
35.03267300009033,57.227658116359756,0
45.06333200583675,58.715097715632936,0
14.113894526706083,53.70348825054197,0
44.56463506510945,45.65409615689249,0
37.89603244237841,56.73304319338256,0
31.9046578151098,43.59386074156086,0
28.134756391837147,45.92101973776987,0
33.85301671748997,57.92420585132449,0
10.275818004965544,40.79845583142215,0
30.277612774919398,53.21536322756824,0
48.04891728261277,59.51554918587155,0
26.447868396454613,53.67361287470108,0
42.99690181400647,47.55536840792004,0
46.31336091090936,49.816365942954434,0
32.14702139499674,55.00765769588029,0
30.65358744924109,43.57209356007704,0
23.59820287555861,55.59447900485904,0
50.581485445003445,57.60431352104932,0
23.345532436124337,52.64196538731846,0
30.468002157784184,55.48001384887014,0
41.71250879148978,41.57914817386866,0
6.964891095093414,38.79177402802268,0
39.04260093277803,55.55493511679412,0
39.05528294399909,42.527914685940004,0
27.676497808961745,43.52802920449233,0
27.28878128074228,46.713782633269474,0
49.717149395992045,45.210815950787094,0
41.62448760678985,45.07241460015786,0
47.339804857810925,42.241171046319295,0
37.32120847168518,46.755198282226445,0
34.33207382144372,48.002603672606924,0
37.2236197574189,56.368910317269005,0
32.65284434848158,42.53605065049395,0
33.00177953262417,44.774113220966996,0
38.01962631376722,51.9241846002114,0
30.487023640418826,44.182124887793876,0
33.028096900626345,57.38386967056786,0
35.38291465363577,43.442027515043776,0
27.682100177391877,52.28214218880124,0
82.14974124975254,55.569534293129884,1
35.55414073050161,51.79143756777574,0
51.7110618135445,46.97948510380566,0
34.95449393052934,52.86086860957085,0
26.804313874191294,43.11144177088372,0
43.07272374409913,46.99725294544674,0
25.145325339915665,42.640959854705685,0
34.964386292982404,43.682012043661445,0
40.86677244956645,50.112576865788995,0
38.398448344273575,45.36778996567848,0
29.57374650758865,54.80508190902526,0
30.625693288676395,42.917208596706146,0
24.022030439099126,56.781212479844356,0
54.48869322153635,46.75411327262393,0
8.798843269835253,48.45951980089763,0
44.658795404369265,46.84138637494976,0
25.304660089211016,45.53605403845314,0
56.44215051087316,63.46921283012955,0
56.507239924463875,45.39191157769284,0
32.686329561891085,51.19460769232663,0
61.1776217427153,40.61615350357695,1
37.968331445182685,53.64278976492783,0
35.00884789951594,54.81421989590223,0
38.054597533866286,43.44847528033626,0
57.37638873961593,58.11745749609986,0
33.41468546281951,50.733062610633695,0
17.43736005684108,38.931336511878186,0
16.490226287310083,45.280370508449714,0
41.08978067614852,48.50952871119544,0
40.635529748110656,55.61577053440808,0
45.95483585947676,43.077742587799996,0
38.33576718706951,45.921292833620285,0
33.61783432443111,48.91930126210678,0
39.36336674569047,55.552055024109336,0
28.216367494880622,51.645666388478425,0
44.15942734839417,45.08046193812958,0
9.046449798139946,45.974496965886566,0
34.52337564278602,46.3475428877479,0
17.020336930198265,53.799073162415375,0
37.00410345040879,56.43667700705939,0
40.71423109585557,57.86883713672821,0
29.05927673668265,42.40669459072906,0
38.87237984099569,54.84554918699585,0
35.60851446586085,42.57898368769516,0
40.86643429880105,53.75992912372393,0
19.358504328143606,40.842655929971215,0
33.91067449869354,40.28425690748895,0
36.3509252139255,53.842996962389684,0
35.04831330146334,52.74989485704863,0
36.49290213224745,52.993132131952386,0
30.85437259524108,53.17127573814167,0
42.55863327202428,46.10079709562745,0
46.84606901173102,62.15511177100366,0
13.68965253650768,39.160340807852016,0
41.71514696464335,56.22136210912326,0
39.867387831330575,48.067196364208996,0
22.4689751026575,40.56247104039239,0
43.0130695793631,54.0095943342143,0
31.572661398879816,44.016906904111636,0
93.99162104215195,50.59339927904599,1
51.76004846240805,46.31403292550198,0
19.45251110250033,56.41628223656405,0
26.18863825272897,50.15925455277662,0
68.27043482700685,44.76895045654632,1
24.523179320653302,54.66391209543073,0
44.3897456404584,47.930059042964615,0
48.87010039947562,57.930081172633585,0
11.885470064580979,42.108268311448356,0
30.746643084573282,53.536685564792606,0
60.42897770841648,51.0153171423482,0
76.56049004103278,51.31812043449429,1
36.76803118108984,46.73120625297504,0
43.881808516494736,46.502992852478904,0
62.00948118748799,47.59664654129176,0
32.79862167715758,49.92236303397467,0
36.11986631953416,44.9300534552532,0
40.72476545658335,57.05084896399897,0
21.33941349176237,40.45063113421752,0
31.20638325640308,60.332597560866226,0
38.027652783550444,46.989129991590865,0
36.37931372963335,55.36980747724389,0
41.94851266573696,47.692889765032476,0
22.164630686855304,44.28205430321629,0
29.004547144599698,52.29217131417524,0
36.63342915220849,47.552810313810824,0
39.42946089751544,52.125742119337886,0
37.996890660133495,49.53798491972823,0
19.273929382514687,40.953496948623645,0
35.115765183474316,43.83515717130979,0
38.004068097611125,60.62445781459532,0
36.989162271069105,55.12351203440094,0
40.25155504556363,43.296325564407645,0
69.97374684259236,51.94957584540825,1
28.177164368544787,40.54216017076304,0
28.936800393110826,44.24147524750415,0
29.373829427448268,55.99742418854021,0
60.88467780702338,52.39563874253156,0
92.2214906141601,56.827367071700706,1
46.863127561064,55.428162024406234,0
31.80369924115665,56.29235873389743,0
30.10515087478498,42.82736739523979,0
19.215140611113448,50.625999650208804,0
34.42976445414329,51.236551094440536,0
21.30647180391079,42.97279093254051,0
34.56334459168314,45.57552983017183,0
41.98242290853276,44.72740929832367,0
21.289834089824495,54.20050663489116,0
38.49436704160772,54.89831664065833,0
22.444953200701676,55.211404404547835,0
29.553199893930444,52.11228043492002,0
36.879979317897735,43.30043893996914,0
30.061502083839823,57.710521530450876,0
34.34793065310744,46.97490754842383,0
32.11832994892043,42.88582126223046,0
42.150784646945084,56.71106111935854,0
35.36696156204208,56.12116330537188,0
20.269467100019007,45.45658882018245,0
17.060028970934138,54.63901763918934,0
42.55614970679217,57.803790247042535,0
42.91682496492099,42.472000140863,0
41.69032192704145,59.41198090557228,0
21.422876086690366,51.77426408648814,0
61.10454783516242,49.25775088172625,0
30.798639093660732,47.63217922660648,0
9.63510488585716,52.87319539754576,0
52.16407763015188,51.84133321504266,0
17.946134798131748,38.415702226490225,0
39.16629867890353,54.53308251362128,0
36.32789969815415,55.77132412627859,0
31.57449032912809,56.46760820210782,0
52.79828763315367,56.12123574856648,0
44.31197210379934,53.40984090875132,0
19.590631181570487,36.00634320246198,0
39.77767968162408,52.8649637288926,0
50.366498044871285,60.212140923434774,0
57.62140079400777,39.56580055837745,1
23.518176096803455,42.34007261687397,0
